-- Seed Data for Course Builder
-- Test data for unit and integration testing
-- Created: 2025-11-04

-- Clear existing data (optional - use with caution in production)
-- TRUNCATE TABLE assessments, feedback, registrations, lessons, topics, modules, versions, courses CASCADE;

-- ============================================
-- SEED COURSES
-- ============================================
INSERT INTO courses (course_id, course_name, course_description, level, visibility, status, duration, average_rating, total_enrollments, active_enrollments, completion_rate, trainer_id, trainer_name, metadata, created_at) VALUES
('11111111-1111-1111-1111-111111111111', 'Intro to React for Beginners', 'Build modern user interfaces with React, JSX, and component-driven architecture.', 'beginner', 'public', 'live', 420, 4.6, 312, 198, 71.3, 'aaaaaaaa-aaaa-aaaa-aaaa-aaaaaaaaaaaa', 'John Trainer', '{"tags": ["React", "JavaScript", "UI"], "skills": ["react", "jsx", "hooks"], "category": "Web Development"}', NOW() - INTERVAL '45 days'),
('22222222-2222-2222-2222-222222222222', 'Node.js & Express API Design', 'Design scalable REST APIs with Node.js, Express, and automated testing best practices.', 'intermediate', 'public', 'live', 480, 4.7, 268, 156, 66.4, 'bbbbbbbb-bbbb-bbbb-bbbb-bbbbbbbbbbbb', 'Aisha Expert', '{"tags": ["Node.js", "Express", "API"], "skills": ["node", "express", "testing"], "category": "Backend Engineering"}', NOW() - INTERVAL '38 days'),
('33333333-3333-3333-3333-333333333333', 'Foundations of Data Analytics with Python', 'Clean, analyze, and visualize data using Python, pandas, and storytelling frameworks.', 'beginner', 'public', 'live', 510, 4.8, 294, 184, 73.8, 'cccccccc-cccc-cccc-cccc-cccccccccccc', 'Mike Developer', '{"tags": ["Python", "Data", "Analytics"], "skills": ["python", "pandas", "visualization"], "category": "Data Science"}', NOW() - INTERVAL '32 days'),
('55555555-5555-5555-5555-555555555555', 'Machine Learning Essentials', 'Understand supervised learning, feature engineering, and model evaluation techniques.', 'intermediate', 'public', 'live', 540, 4.7, 221, 142, 64.5, 'bbbbbbbb-bbbb-bbbb-bbbb-bbbbbbbbbbbb', 'Aisha Expert', '{"tags": ["Machine Learning", "Scikit-learn", "Modeling"], "skills": ["python", "ml", "evaluation"], "category": "AI & Machine Learning"}', NOW() - INTERVAL '29 days'),
('66666666-6666-6666-6666-666666666666', 'SQL & PostgreSQL for Backend Developers', 'Master relational modeling, window functions, and performance tuning in PostgreSQL.', 'intermediate', 'public', 'live', 390, 4.5, 198, 128, 61.9, 'aaaaaaaa-aaaa-aaaa-aaaa-aaaaaaaaaaaa', 'John Trainer', '{"tags": ["SQL", "PostgreSQL", "Database"], "skills": ["sql", "postgresql", "optimization"], "category": "Data Engineering"}', NOW() - INTERVAL '26 days'),
('77777777-7777-7777-7777-777777777777', 'Cloud Fundamentals with Docker & Kubernetes', 'Containerize workloads and deploy resilient clusters with Docker, Kubernetes, and cloud tooling.', 'intermediate', 'public', 'live', 560, 4.6, 254, 167, 63.4, 'bbbbbbbb-bbbb-bbbb-bbbb-bbbbbbbbbbbb', 'Aisha Expert', '{"tags": ["Cloud", "Docker", "Kubernetes"], "skills": ["containers", "kubernetes", "deployment"], "category": "Cloud & DevOps"}', NOW() - INTERVAL '24 days'),
('88888888-8888-8888-8888-888888888888', 'DevOps Automation with GitHub Actions', 'Automate CI/CD pipelines, manage environments, and ship reliable releases with GitHub Actions.', 'intermediate', 'public', 'live', 360, 4.6, 176, 118, 59.2, 'cccccccc-cccc-cccc-cccc-cccccccccccc', 'Mike Developer', '{"tags": ["DevOps", "CI/CD", "Automation"], "skills": ["github-actions", "ci", "deployment"], "category": "DevOps"}', NOW() - INTERVAL '21 days'),
('99999999-9999-9999-9999-999999999999', 'UI Design Systems with Figma & Tailwind', 'Design and implement cohesive design systems with Figma components and Tailwind CSS.', 'beginner', 'public', 'live', 300, 4.5, 205, 162, 77.6, 'aaaaaaaa-aaaa-aaaa-aaaa-aaaaaaaaaaaa', 'John Trainer', '{"tags": ["Design Systems", "Figma", "Tailwind"], "skills": ["figma", "tailwind", "design"], "category": "Design"}', NOW() - INTERVAL '19 days'),
('10101010-1010-1010-1010-101010101010', 'Cybersecurity Incident Response Playbooks', 'Build and execute response runbooks for modern security incidents and tabletop exercises.', 'advanced', 'public', 'live', 420, 4.9, 142, 95, 65.8, 'bbbbbbbb-bbbb-bbbb-bbbb-bbbbbbbbbbbb', 'Aisha Expert', '{"tags": ["Security", "Incident Response", "Operations"], "skills": ["response", "forensics", "playbooks"], "category": "Security"}', NOW() - INTERVAL '27 days'),
('20202020-2020-2020-2020-202020202020', 'Product Analytics with Mixpanel & GA4', 'Track product usage, run funnels, and measure retention with Mixpanel and GA4.', 'intermediate', 'public', 'live', 330, 4.4, 188, 134, 57.1, 'cccccccc-cccc-cccc-cccc-cccccccccccc', 'Mike Developer', '{"tags": ["Analytics", "Mixpanel", "GA4"], "skills": ["product-analytics", "experimentation", "dashboards"], "category": "Product"}', NOW() - INTERVAL '17 days'),
('30303030-3030-3030-3030-303030303030', 'Serverless Architectures with AWS Lambda', 'Design serverless workflows using AWS Lambda, API Gateway, and event-driven services.', 'intermediate', 'public', 'live', 420, 4.6, 164, 112, 60.5, 'bbbbbbbb-bbbb-bbbb-bbbb-bbbbbbbbbbbb', 'Aisha Expert', '{"tags": ["Serverless", "AWS", "Lambda"], "skills": ["lambda", "api-gateway", "event-driven"], "category": "Cloud & DevOps"}', NOW() - INTERVAL '14 days'),
('40404040-4040-4040-4040-404040404040', 'Advanced TypeScript Patterns', 'Master generics, utility types, and maintainable architectures in TypeScript projects.', 'advanced', 'public', 'live', 540, 4.8, 144, 92, 62.5, 'cccccccc-cccc-cccc-cccc-cccccccccccc', 'Mike Developer', '{"tags": ["TypeScript", "Patterns", "Architecture"], "skills": ["typescript", "generics", "architecture"], "category": "Software Engineering"}', NOW() - INTERVAL '12 days'),
('44444444-4444-4444-4444-444444444444', 'Draft Course', 'This is a draft course not yet published', 'beginner', 'private', 'draft', 240, 0.0, 0, 0, 0.0, 'aaaaaaaa-aaaa-aaaa-aaaa-aaaaaaaaaaaa', 'John Trainer', '{"tags": ["Draft"], "skills": []}', NOW() - INTERVAL '2 days');

-- ============================================
-- SEED VERSIONS
-- ============================================
INSERT INTO versions (version_id, course_id, version_no, status, published_at, created_at) VALUES
('11111111-1111-1111-1111-111111111111', '11111111-1111-1111-1111-111111111111', 1, 'published', NOW() - INTERVAL '45 days', NOW() - INTERVAL '45 days'),
('22222222-2222-2222-2222-222222222222', '22222222-2222-2222-2222-222222222222', 1, 'published', NOW() - INTERVAL '38 days', NOW() - INTERVAL '38 days'),
('33333333-3333-3333-3333-333333333333', '33333333-3333-3333-3333-333333333333', 1, 'published', NOW() - INTERVAL '32 days', NOW() - INTERVAL '32 days'),
('55555555-5555-5555-5555-555555555555', '55555555-5555-5555-5555-555555555555', 1, 'published', NOW() - INTERVAL '29 days', NOW() - INTERVAL '29 days'),
('66666666-6666-6666-6666-666666666666', '66666666-6666-6666-6666-666666666666', 1, 'published', NOW() - INTERVAL '26 days', NOW() - INTERVAL '26 days'),
('77777777-7777-7777-7777-777777777777', '77777777-7777-7777-7777-777777777777', 1, 'published', NOW() - INTERVAL '24 days', NOW() - INTERVAL '24 days'),
('88888888-8888-8888-8888-888888888888', '88888888-8888-8888-8888-888888888888', 1, 'published', NOW() - INTERVAL '21 days', NOW() - INTERVAL '21 days'),
('99999999-9999-9999-9999-999999999999', '99999999-9999-9999-9999-999999999999', 1, 'published', NOW() - INTERVAL '19 days', NOW() - INTERVAL '19 days'),
('10101010-1010-1010-1010-101010101010', '10101010-1010-1010-1010-101010101010', 1, 'published', NOW() - INTERVAL '27 days', NOW() - INTERVAL '27 days'),
('20202020-2020-2020-2020-202020202020', '20202020-2020-2020-2020-202020202020', 1, 'published', NOW() - INTERVAL '17 days', NOW() - INTERVAL '17 days'),
('30303030-3030-3030-3030-303030303030', '30303030-3030-3030-3030-303030303030', 1, 'published', NOW() - INTERVAL '14 days', NOW() - INTERVAL '14 days'),
('40404040-4040-4040-4040-404040404040', '40404040-4040-4040-4040-404040404040', 1, 'published', NOW() - INTERVAL '12 days', NOW() - INTERVAL '12 days'),
('44444444-4444-4444-4444-444444444441', '44444444-4444-4444-4444-444444444444', 1, 'draft', NULL, NOW() - INTERVAL '2 days');

-- ============================================
-- SEED MODULES
-- ============================================
INSERT INTO modules (module_id, course_id, name, "order", metadata, created_at) VALUES
('60000000-0000-0000-0000-000000000101', '11111111-1111-1111-1111-111111111111', 'React Fundamentals', 1, '{"tags": ["react"], "prerequisites": []}', NOW()),
('60000000-0000-0000-0000-000000000102', '11111111-1111-1111-1111-111111111111', 'State & Effects', 2, '{"tags": ["state"], "prerequisites": ["react-fundamentals"]}', NOW()),
('60000000-0000-0000-0000-000000000201', '22222222-2222-2222-2222-222222222222', 'API Foundations', 1, '{"tags": ["api"], "prerequisites": []}', NOW()),
('60000000-0000-0000-0000-000000000202', '22222222-2222-2222-2222-222222222222', 'Testing & Security', 2, '{"tags": ["testing"], "prerequisites": ["api-foundations"]}', NOW()),
('60000000-0000-0000-0000-000000000301', '33333333-3333-3333-3333-333333333333', 'Analytics Toolkit', 1, '{"tags": ["analytics"], "prerequisites": []}', NOW()),
('60000000-0000-0000-0000-000000000302', '33333333-3333-3333-3333-333333333333', 'Insights & Storytelling', 2, '{"tags": ["storytelling"], "prerequisites": ["analytics-toolkit"]}', NOW()),
('60000000-0000-0000-0000-000000000401', '55555555-5555-5555-5555-555555555555', 'Learning Foundations', 1, '{"tags": ["ml"], "prerequisites": []}', NOW()),
('60000000-0000-0000-0000-000000000402', '55555555-5555-5555-5555-555555555555', 'Model Evaluation', 2, '{"tags": ["evaluation"], "prerequisites": ["learning-foundations"]}', NOW()),
('60000000-0000-0000-0000-000000000501', '66666666-6666-6666-6666-666666666666', 'Query Design', 1, '{"tags": ["sql"], "prerequisites": []}', NOW()),
('60000000-0000-0000-0000-000000000502', '66666666-6666-6666-6666-666666666666', 'Performance & Tuning', 2, '{"tags": ["performance"], "prerequisites": ["query-design"]}', NOW()),
('60000000-0000-0000-0000-000000000601', '77777777-7777-7777-7777-777777777777', 'Containerization Basics', 1, '{"tags": ["docker"], "prerequisites": []}', NOW()),
('60000000-0000-0000-0000-000000000602', '77777777-7777-7777-7777-777777777777', 'Kubernetes Operations', 2, '{"tags": ["kubernetes"], "prerequisites": ["containerization-basics"]}', NOW()),
('60000000-0000-0000-0000-000000000701', '88888888-8888-8888-8888-888888888888', 'Pipeline Automation', 1, '{"tags": ["automation"], "prerequisites": []}', NOW()),
('60000000-0000-0000-0000-000000000702', '88888888-8888-8888-8888-888888888888', 'Release Strategies', 2, '{"tags": ["release"], "prerequisites": ["pipeline-automation"]}', NOW()),
('60000000-0000-0000-0000-000000000801', '99999999-9999-9999-9999-999999999999', 'Design Principles', 1, '{"tags": ["design"], "prerequisites": []}', NOW()),
('60000000-0000-0000-0000-000000000802', '99999999-9999-9999-9999-999999999999', 'Implementation Patterns', 2, '{"tags": ["implementation"], "prerequisites": ["design-principles"]}', NOW()),
('60000000-0000-0000-0000-000000000901', '10101010-1010-1010-1010-101010101010', 'Detection & Analysis', 1, '{"tags": ["response"], "prerequisites": []}', NOW()),
('60000000-0000-0000-0000-000000000902', '10101010-1010-1010-1010-101010101010', 'Response & Recovery', 2, '{"tags": ["recovery"], "prerequisites": ["detection-analysis"]}', NOW()),
('60000000-0000-0000-0000-000000001001', '20202020-2020-2020-2020-202020202020', 'Tracking Foundation', 1, '{"tags": ["tracking"], "prerequisites": []}', NOW()),
('60000000-0000-0000-0000-000000001002', '20202020-2020-2020-2020-202020202020', 'Product Experiments', 2, '{"tags": ["experimentation"], "prerequisites": ["tracking-foundation"]}', NOW()),
('60000000-0000-0000-0000-000000001101', '30303030-3030-3030-3030-303030303030', 'Serverless Foundations', 1, '{"tags": ["serverless"], "prerequisites": []}', NOW()),
('60000000-0000-0000-0000-000000001102', '30303030-3030-3030-3030-303030303030', 'Workflow Orchestration', 2, '{"tags": ["orchestration"], "prerequisites": ["serverless-foundations"]}', NOW()),
('60000000-0000-0000-0000-000000001201', '40404040-4040-4040-4040-404040404040', 'Type System Mastery', 1, '{"tags": ["typescript"], "prerequisites": []}', NOW()),
('60000000-0000-0000-0000-000000001202', '40404040-4040-4040-4040-404040404040', 'Architecture Patterns', 2, '{"tags": ["architecture"], "prerequisites": ["type-system-mastery"]}', NOW());

-- ============================================
-- SEED TOPICS
-- ============================================
INSERT INTO topics (topic_id, module_id, topic_name, topic_description, content_ref, topic_language, created_at) VALUES
('70000000-0000-0000-0000-000000000101', '60000000-0000-0000-0000-000000000101', 'JSX Basics', 'Introduction to JSX syntax and rendering elements.', 'content://react-jsx-basics', 'English', NOW()),
('70000000-0000-0000-0000-000000000102', '60000000-0000-0000-0000-000000000101', 'Component Composition', 'Structuring applications with reusable components.', 'content://react-component-composition', 'English', NOW()),
('70000000-0000-0000-0000-000000000103', '60000000-0000-0000-0000-000000000102', 'Managing State', 'State management patterns using useState.', 'content://react-managing-state', 'English', NOW()),
('70000000-0000-0000-0000-000000000104', '60000000-0000-0000-0000-000000000102', 'Working with Effects', 'Handling side effects with the useEffect hook.', 'content://react-useeffect', 'English', NOW()),
('70000000-0000-0000-0000-000000000201', '60000000-0000-0000-0000-000000000201', 'Routing & Controllers', 'Routing requests and designing controllers in Express.', 'content://express-routing', 'English', NOW()),
('70000000-0000-0000-0000-000000000202', '60000000-0000-0000-0000-000000000201', 'Data Validation', 'Validating payloads and enforcing schemas.', 'content://express-validation', 'English', NOW()),
('70000000-0000-0000-0000-000000000203', '60000000-0000-0000-0000-000000000202', 'Automated Testing', 'Writing integration tests with Jest and Supertest.', 'content://express-testing', 'English', NOW()),
('70000000-0000-0000-0000-000000000204', '60000000-0000-0000-0000-000000000202', 'Securing APIs', 'Hardening Express APIs against common threats.', 'content://express-security', 'English', NOW()),
('70000000-0000-0000-0000-000000000301', '60000000-0000-0000-0000-000000000301', 'Working with pandas', 'Loading and transforming datasets with pandas.', 'content://analytics-pandas', 'English', NOW()),
('70000000-0000-0000-0000-000000000302', '60000000-0000-0000-0000-000000000301', 'Exploratory Analysis', 'Summaries, trends, and visual exploration.', 'content://analytics-eda', 'English', NOW()),
('70000000-0000-0000-0000-000000000303', '60000000-0000-0000-0000-000000000302', 'Data Storytelling', 'Crafting insights and narratives for stakeholders.', 'content://analytics-storytelling', 'English', NOW()),
('70000000-0000-0000-0000-000000000304', '60000000-0000-0000-0000-000000000302', 'Dashboard Fundamentals', 'Designing dashboards for decision-making.', 'content://analytics-dashboards', 'English', NOW()),
('70000000-0000-0000-0000-000000000401', '60000000-0000-0000-0000-000000000401', 'Supervised Learning Overview', 'Understanding regression and classification workflows.', 'content://ml-supervised-overview', 'English', NOW()),
('70000000-0000-0000-0000-000000000402', '60000000-0000-0000-0000-000000000401', 'Feature Engineering', 'Feature selection and transformation techniques.', 'content://ml-feature-engineering', 'English', NOW()),
('70000000-0000-0000-0000-000000000403', '60000000-0000-0000-0000-000000000402', 'Model Evaluation Metrics', 'Evaluating models with precision, recall, and ROC.', 'content://ml-evaluation-metrics', 'English', NOW()),
('70000000-0000-0000-0000-000000000404', '60000000-0000-0000-0000-000000000402', 'Hyperparameter Tuning', 'Improving models with grid search and cross validation.', 'content://ml-hyperparameters', 'English', NOW()),
('70000000-0000-0000-0000-000000000501', '60000000-0000-0000-0000-000000000501', 'Advanced Joins', 'Mastering joins, CTEs, and window functions.', 'content://sql-advanced-joins', 'English', NOW()),
('70000000-0000-0000-0000-000000000502', '60000000-0000-0000-0000-000000000501', 'Data Modeling', 'Designing normalized and denormalized schemas.', 'content://sql-data-modeling', 'English', NOW()),
('70000000-0000-0000-0000-000000000503', '60000000-0000-0000-0000-000000000502', 'Query Optimization', 'Diagnosing slow queries and using EXPLAIN.', 'content://sql-optimization', 'English', NOW()),
('70000000-0000-0000-0000-000000000504', '60000000-0000-0000-0000-000000000502', 'PostgreSQL Extensions', 'Leveraging Postgres extensions for analytics.', 'content://sql-extensions', 'English', NOW()),
('70000000-0000-0000-0000-000000000601', '60000000-0000-0000-0000-000000000601', 'Container Fundamentals', 'Packaging applications with Dockerfiles.', 'content://cloud-docker-basics', 'English', NOW()),
('70000000-0000-0000-0000-000000000602', '60000000-0000-0000-0000-000000000601', 'Multi-stage Builds', 'Optimizing images with multi-stage strategies.', 'content://cloud-multistage', 'English', NOW()),
('70000000-0000-0000-0000-000000000603', '60000000-0000-0000-0000-000000000602', 'Kubernetes Primitives', 'Deployments, services, and config maps explained.', 'content://cloud-k8s-primitives', 'English', NOW()),
('70000000-0000-0000-0000-000000000604', '60000000-0000-0000-0000-000000000602', 'Observability', 'Monitoring clusters with Prometheus and Grafana.', 'content://cloud-observability', 'English', NOW()),
('70000000-0000-0000-0000-000000000701', '60000000-0000-0000-0000-000000000701', 'Workflow Automation', 'Triggering workflows with GitHub Actions.', 'content://devops-workflows', 'English', NOW()),
('70000000-0000-0000-0000-000000000702', '60000000-0000-0000-0000-000000000701', 'Dependency Caching', 'Speeding up pipelines with caching strategies.', 'content://devops-caching', 'English', NOW()),
('70000000-0000-0000-0000-000000000703', '60000000-0000-0000-0000-000000000702', 'Environment Promotion', 'Managing staging and production environments.', 'content://devops-promotion', 'English', NOW()),
('70000000-0000-0000-0000-000000000704', '60000000-0000-0000-0000-000000000702', 'Release Automation', 'Automating releases and rollback strategies.', 'content://devops-release', 'English', NOW()),
('70000000-0000-0000-0000-000000000801', '60000000-0000-0000-0000-000000000801', 'Design Tokens', 'Defining typography, color, and spacing tokens.', 'content://design-tokens', 'English', NOW()),
('70000000-0000-0000-0000-000000000802', '60000000-0000-0000-0000-000000000801', 'Component Libraries', 'Structuring UI components in Figma.', 'content://design-components', 'English', NOW()),
('70000000-0000-0000-0000-000000000803', '60000000-0000-0000-0000-000000000802', 'Tailwind Integration', 'Mapping design tokens to Tailwind utilities.', 'content://design-tailwind', 'English', NOW()),
('70000000-0000-0000-0000-000000000804', '60000000-0000-0000-0000-000000000802', 'Documentation Guides', 'Documenting design systems for adoption.', 'content://design-documentation', 'English', NOW()),
('70000000-0000-0000-0000-000000000901', '60000000-0000-0000-0000-000000000901', 'Threat Detection', 'Building detection capabilities and runbooks.', 'content://security-detection', 'English', NOW()),
('70000000-0000-0000-0000-000000000902', '60000000-0000-0000-0000-000000000901', 'Investigation Workflows', 'Coordinating investigations across teams.', 'content://security-investigation', 'English', NOW()),
('70000000-0000-0000-0000-000000000903', '60000000-0000-0000-0000-000000000902', 'Incident Communications', 'Crafting internal and external communications.', 'content://security-communications', 'English', NOW()),
('70000000-0000-0000-0000-000000000904', '60000000-0000-0000-0000-000000000902', 'Post-Incident Reviews', 'Learning and iterating with blameless reviews.', 'content://security-postmortem', 'English', NOW()),
('70000000-0000-0000-0000-000000001001', '60000000-0000-0000-0000-000000001001', 'Instrumentation Strategy', 'Implementing product analytics tracking plans.', 'content://product-instrumentation', 'English', NOW()),
('70000000-0000-0000-0000-000000001002', '60000000-0000-0000-0000-000000001001', 'Funnel Analysis', 'Building funnels to measure activation and conversion.', 'content://product-funnels', 'English', NOW()),
('70000000-0000-0000-0000-000000001003', '60000000-0000-0000-0000-000000001002', 'Experiment Design', 'Designing trustworthy experiments and A/B tests.', 'content://product-experiments', 'English', NOW()),
('70000000-0000-0000-0000-000000001004', '60000000-0000-0000-0000-000000001002', 'Retention Dashboards', 'Measuring retention and engagement cohorts.', 'content://product-retention', 'English', NOW()),
('70000000-0000-0000-0000-000000001101', '60000000-0000-0000-0000-000000001101', 'Event-Driven Concepts', 'Designing event-driven architectures with AWS.', 'content://serverless-events', 'English', NOW()),
('70000000-0000-0000-0000-000000001102', '60000000-0000-0000-0000-000000001101', 'API Gateway Patterns', 'Routing and securing APIs in serverless apps.', 'content://serverless-api-gateway', 'English', NOW()),
('70000000-0000-0000-0000-000000001103', '60000000-0000-0000-0000-000000001102', 'Workflow Automation', 'Coordinating serverless functions with Step Functions.', 'content://serverless-step-functions', 'English', NOW()),
('70000000-0000-0000-0000-000000001104', '60000000-0000-0000-0000-000000001102', 'Monitoring & Cost Control', 'Observability and cost optimisation for serverless.', 'content://serverless-monitoring', 'English', NOW()),
('70000000-0000-0000-0000-000000001201', '60000000-0000-0000-0000-000000001201', 'Generics Masterclass', 'Mastering generics and advanced typing strategies.', 'content://typescript-generics', 'English', NOW()),
('70000000-0000-0000-0000-000000001202', '60000000-0000-0000-0000-000000001201', 'Utility Types in Practice', 'Leveraging utility types for safer APIs.', 'content://typescript-utility-types', 'English', NOW()),
('70000000-0000-0000-0000-000000001203', '60000000-0000-0000-0000-000000001202', 'Domain Modeling', 'Structuring complex domains with TypeScript.', 'content://typescript-domain-modeling', 'English', NOW()),
('70000000-0000-0000-0000-000000001204', '60000000-0000-0000-0000-000000001202', 'Testing Type Safety', 'Ensuring correctness with advanced testing patterns.', 'content://typescript-testing', 'English', NOW());

-- ============================================
-- SEED LESSONS
-- ============================================
INSERT INTO lessons (lesson_id, module_id, topic_id, lesson_name, content_type, content_data, micro_skills, nano_skills, enrichment_data, "order", created_at) VALUES
('80000000-0000-0000-0000-000000000101', '60000000-0000-0000-0000-000000000101', '70000000-0000-0000-0000-000000000101', 'Understanding JSX', 'video', '{"summary": "Explore JSX syntax and render your first components.", "resources": ["https://react.dev/learn"]}', '["react-basics"]', '["jsx"]', '{"links": ["https://codesandbox.io/s/react-jsx"]}', 1, NOW()),
('80000000-0000-0000-0000-000000000102', '60000000-0000-0000-0000-000000000101', '70000000-0000-0000-0000-000000000102', 'Building Reusable Components', 'text', '{"summary": "Compose presentational and container components.", "resources": []}', '["component-design"]', '["composition"]', '{"links": []}', 2, NOW()),
('80000000-0000-0000-0000-000000000103', '60000000-0000-0000-0000-000000000102', '70000000-0000-0000-0000-000000000103', 'Managing State in Practice', 'exercise', '{"summary": "Refactor a to-do app using useState and derived state.", "resources": ["https://github.com/example/react-state"]}', '["state-management"]', '["useState"]', '{"links": []}', 3, NOW()),
('80000000-0000-0000-0000-000000000104', '60000000-0000-0000-0000-000000000102', '70000000-0000-0000-0000-000000000104', 'Handling Side Effects', 'video', '{"summary": "Coordinate asynchronous effects with useEffect and cleanup.", "resources": []}', '["effects"]', '["useEffect"]', '{"links": ["https://react.dev/reference/react/useEffect"]}', 4, NOW()),
('80000000-0000-0000-0000-000000000201', '60000000-0000-0000-0000-000000000201', '70000000-0000-0000-0000-000000000201', 'Routing Requests', 'text', '{"summary": "Structure Express routes and controllers for clean APIs.", "resources": []}', '["express-routing"]', '["controllers"]', '{"links": []}', 1, NOW()),
('80000000-0000-0000-0000-000000000202', '60000000-0000-0000-0000-000000000201', '70000000-0000-0000-0000-000000000202', 'Validating Payloads', 'video', '{"summary": "Add schema validation with zod and celebrate.", "resources": ["https://npmjs.com/package/zod"]}', '["validation"]', '["schemas"]', '{"links": []}', 2, NOW()),
('80000000-0000-0000-0000-000000000203', '60000000-0000-0000-0000-000000000202', '70000000-0000-0000-0000-000000000203', 'API Testing Workshop', 'exercise', '{"summary": "Write integration tests using Jest and Supertest.", "resources": ["https://github.com/example/node-testing"]}', '["testing"]', '["supertest"]', '{"links": []}', 3, NOW()),
('80000000-0000-0000-0000-000000000204', '60000000-0000-0000-0000-000000000202', '70000000-0000-0000-0000-000000000204', 'Securing Express APIs', 'text', '{"summary": "Mitigate common API threats with rate limiting and headers.", "resources": []}', '["api-security"]', '["owasp"]', '{"links": ["https://cheatsheetseries.owasp.org"]}', 4, NOW()),
('80000000-0000-0000-0000-000000000301', '60000000-0000-0000-0000-000000000301', '70000000-0000-0000-0000-000000000301', 'Getting Started with pandas', 'video', '{"summary": "Load CSV data and explore series and dataframes.", "resources": ["https://pandas.pydata.org/docs/"]}', '["pandas"]', '["dataframe"]', '{"links": []}', 1, NOW()),
('80000000-0000-0000-0000-000000000302', '60000000-0000-0000-0000-000000000301', '70000000-0000-0000-0000-000000000302', 'Exploratory Data Analysis', 'exercise', '{"summary": "Create summaries, correlations, and visual profiles.", "resources": ["https://seaborn.pydata.org"]}', '["eda"]', '["visualization"]', '{"links": []}', 2, NOW()),
('80000000-0000-0000-0000-000000000303', '60000000-0000-0000-0000-000000000302', '70000000-0000-0000-0000-000000000303', 'Storytelling with Insights', 'text', '{"summary": "Craft compelling narratives from analysis insights.", "resources": []}', '["storytelling"]', '["insights"]', '{"links": []}', 3, NOW()),
('80000000-0000-0000-0000-000000000304', '60000000-0000-0000-0000-000000000302', '70000000-0000-0000-0000-000000000304', 'Dashboards that Drive Action', 'video', '{"summary": "Design dashboards that highlight actionable KPIs.", "resources": []}', '["dashboards"]', '["kpis"]', '{"links": []}', 4, NOW()),
('80000000-0000-0000-0000-000000000401', '60000000-0000-0000-0000-000000000401', '70000000-0000-0000-0000-000000000401', 'Supervised Learning Workflows', 'text', '{"summary": "Train classification models with scikit-learn.", "resources": ["https://scikit-learn.org/stable/"]}', '["ml-workflows"]', '["classification"]', '{"links": []}', 1, NOW()),
('80000000-0000-0000-0000-000000000402', '60000000-0000-0000-0000-000000000401', '70000000-0000-0000-0000-000000000402', 'Feature Engineering Lab', 'exercise', '{"summary": "Engineer features with pipelines and column transformers.", "resources": []}', '["feature-engineering"]', '["pipelines"]', '{"links": []}', 2, NOW()),
('80000000-0000-0000-0000-000000000403', '60000000-0000-0000-0000-000000000402', '70000000-0000-0000-0000-000000000403', 'Evaluating Model Performance', 'video', '{"summary": "Compare models using ROC curves and precision/recall.", "resources": []}', '["model-evaluation"]', '["roc"]', '{"links": []}', 3, NOW()),
('80000000-0000-0000-0000-000000000404', '60000000-0000-0000-0000-000000000402', '70000000-0000-0000-0000-000000000404', 'Hyperparameter Optimisation', 'text', '{"summary": "Tune hyperparameters with grid search and cross validation.", "resources": []}', '["model-tuning"]', '["grid-search"]', '{"links": []}', 4, NOW()),
('80000000-0000-0000-0000-000000000501', '60000000-0000-0000-0000-000000000501', '70000000-0000-0000-0000-000000000501', 'Writing Analytical SQL', 'video', '{"summary": "Use CTEs, window functions, and analytic aggregates.", "resources": []}', '["sql-analytics"]', '["window-functions"]', '{"links": []}', 1, NOW()),
('80000000-0000-0000-0000-000000000502', '60000000-0000-0000-0000-000000000501', '70000000-0000-0000-0000-000000000502', 'Designing Data Models', 'text', '{"summary": "Model relational schemas for transactional workloads.", "resources": []}', '["data-modeling"]', '["normalisation"]', '{"links": []}', 2, NOW()),
('80000000-0000-0000-0000-000000000503', '60000000-0000-0000-0000-000000000502', '70000000-0000-0000-0000-000000000503', 'Performance Diagnostics', 'exercise', '{"summary": "Profile and optimise complex SQL queries.", "resources": []}', '["performance"]', '["query-plans"]', '{"links": []}', 3, NOW()),
('80000000-0000-0000-0000-000000000504', '60000000-0000-0000-0000-000000000502', '70000000-0000-0000-0000-000000000504', 'PostgreSQL Extensions in Action', 'video', '{"summary": "Leverage PostGIS and hyperloglog for analytics.", "resources": []}', '["postgresql"]', '["extensions"]', '{"links": []}', 4, NOW()),
('80000000-0000-0000-0000-000000000601', '60000000-0000-0000-0000-000000000601', '70000000-0000-0000-0000-000000000601', 'Crafting Docker Images', 'text', '{"summary": "Create efficient Dockerfiles and manage layers.", "resources": []}', '["docker"]', '["images"]', '{"links": []}', 1, NOW()),
('80000000-0000-0000-0000-000000000602', '60000000-0000-0000-0000-000000000601', '70000000-0000-0000-0000-000000000602', 'Multi-stage Builds Walkthrough', 'video', '{"summary": "Optimise image size with multi-stage build patterns.", "resources": []}', '["docker-optimization"]', '["multi-stage"]', '{"links": []}', 2, NOW()),
('80000000-0000-0000-0000-000000000603', '60000000-0000-0000-0000-000000000602', '70000000-0000-0000-0000-000000000603', 'Deploying to Kubernetes', 'exercise', '{"summary": "Deploy container workloads with deployments and services.", "resources": []}', '["kubernetes"]', '["deployments"]', '{"links": []}', 3, NOW()),
('80000000-0000-0000-0000-000000000604', '60000000-0000-0000-0000-000000000602', '70000000-0000-0000-0000-000000000604', 'Monitoring Clusters', 'video', '{"summary": "Instrument clusters with Prometheus and Grafana.", "resources": []}', '["observability"]', '["prometheus"]', '{"links": []}', 4, NOW()),
('80000000-0000-0000-0000-000000000701', '60000000-0000-0000-0000-000000000701', '70000000-0000-0000-0000-000000000701', 'Automating Workflows', 'video', '{"summary": "Trigger GitHub Actions workflows with events and schedules.", "resources": []}', '["github-actions"]', '["workflows"]', '{"links": []}', 1, NOW()),
('80000000-0000-0000-0000-000000000702', '60000000-0000-0000-0000-000000000701', '70000000-0000-0000-0000-000000000702', 'Caching Dependencies', 'text', '{"summary": "Speed up pipelines by caching dependencies and artifacts.", "resources": []}', '["ci-performance"]', '["caching"]', '{"links": []}', 2, NOW()),
('80000000-0000-0000-0000-000000000703', '60000000-0000-0000-0000-000000000702', '70000000-0000-0000-0000-000000000703', 'Managing Environments', 'exercise', '{"summary": "Promote builds through staging and production environments.", "resources": []}', '["release-management"]', '["environments"]', '{"links": []}', 3, NOW()),
('80000000-0000-0000-0000-000000000704', '60000000-0000-0000-0000-000000000702', '70000000-0000-0000-0000-000000000704', 'Automated Releases', 'video', '{"summary": "Automate releases, tagging, and rollbacks.", "resources": []}', '["release-automation"]', '["rollbacks"]', '{"links": []}', 4, NOW()),
('80000000-0000-0000-0000-000000000801', '60000000-0000-0000-0000-000000000801', '70000000-0000-0000-0000-000000000801', 'Design Tokens in Practice', 'text', '{"summary": "Define and maintain brand tokens for colour, type, and spacing.", "resources": []}', '["design-systems"]', '["tokens"]', '{"links": []}', 1, NOW()),
('80000000-0000-0000-0000-000000000802', '60000000-0000-0000-0000-000000000801', '70000000-0000-0000-0000-000000000802', 'Component Libraries Workshop', 'exercise', '{"summary": "Build a reusable component library in Figma.", "resources": []}', '["component-libraries"]', '["figma"]', '{"links": []}', 2, NOW()),
('80000000-0000-0000-0000-000000000803', '60000000-0000-0000-0000-000000000802', '70000000-0000-0000-0000-000000000803', 'Tailwind Implementation Patterns', 'video', '{"summary": "Map design tokens to Tailwind utility classes.", "resources": []}', '["tailwind"]', '["implementation"]', '{"links": []}', 3, NOW()),
('80000000-0000-0000-0000-000000000804', '60000000-0000-0000-0000-000000000802', '70000000-0000-0000-0000-000000000804', 'Documenting Design Systems', 'text', '{"summary": "Document guidelines and onboarding resources for design systems.", "resources": []}', '["documentation"]', '["adoption"]', '{"links": []}', 4, NOW()),
('80000000-0000-0000-0000-000000000901', '60000000-0000-0000-0000-000000000901', '70000000-0000-0000-0000-000000000901', 'Threat Detection Playbooks', 'text', '{"summary": "Build actionable playbooks for common security threats.", "resources": []}', '["incident-response"]', '["detection"]', '{"links": []}', 1, NOW()),
('80000000-0000-0000-0000-000000000902', '60000000-0000-0000-0000-000000000901', '70000000-0000-0000-0000-000000000902', 'Investigation Runbooks', 'exercise', '{"summary": "Coordinate forensic investigations with cross-functional teams.", "resources": []}', '["forensics"]', '["investigation"]', '{"links": []}', 2, NOW()),
('80000000-0000-0000-0000-000000000903', '60000000-0000-0000-0000-000000000902', '70000000-0000-0000-0000-000000000903', 'Incident Communications', 'video', '{"summary": "Craft external and internal communications during incidents.", "resources": []}', '["communication"]', '["incident"]', '{"links": []}', 3, NOW()),
('80000000-0000-0000-0000-000000000904', '60000000-0000-0000-0000-000000000902', '70000000-0000-0000-0000-000000000904', 'Learning from Incidents', 'text', '{"summary": "Run blameless post-incident reviews and capture learnings.", "resources": []}', '["lessons-learned"]', '["postmortem"]', '{"links": []}', 4, NOW()),
('80000000-0000-0000-0000-000000001001', '60000000-0000-0000-0000-000000001001', '70000000-0000-0000-0000-000000001001', 'Implementing Analytics Tracking', 'video', '{"summary": "Instrument Mixpanel and GA4 tracking plans end-to-end.", "resources": []}', '["product-analytics"]', '["tracking"]', '{"links": []}', 1, NOW()),
('80000000-0000-0000-0000-000000001002', '60000000-0000-0000-0000-000000001001', '70000000-0000-0000-0000-000000001002', 'Funnel Deep Dive', 'text', '{"summary": "Evaluate funnels and cohort drop-off to drive activation.", "resources": []}', '["funnels"]', '["cohorts"]', '{"links": []}', 2, NOW()),
('80000000-0000-0000-0000-000000001003', '60000000-0000-0000-0000-000000001002', '70000000-0000-0000-0000-000000001003', 'Designing Experiments', 'exercise', '{"summary": "Plan and analyse product experiments for meaningful results.", "resources": []}', '["experimentation"]', '["ab-tests"]', '{"links": []}', 3, NOW()),
('80000000-0000-0000-0000-000000001004', '60000000-0000-0000-0000-000000001002', '70000000-0000-0000-0000-000000001004', 'Retention Reporting', 'video', '{"summary": "Build retention dashboards and interpret results.", "resources": []}', '["retention"]', '["dashboards"]', '{"links": []}', 4, NOW()),
('80000000-0000-0000-0000-000000001101', '60000000-0000-0000-0000-000000001101', '70000000-0000-0000-0000-000000001101', 'Event-Driven Design', 'text', '{"summary": "Map event-driven workflows with Lambda triggers.", "resources": []}', '["serverless"]', '["events"]', '{"links": []}', 1, NOW()),
('80000000-0000-0000-0000-000000001102', '60000000-0000-0000-0000-000000001101', '70000000-0000-0000-0000-000000001102', 'API Gateway Patterns', 'video', '{"summary": "Protect serverless APIs with throttling, auth, and mapping templates.", "resources": []}', '["api-gateway"]', '["security"]', '{"links": []}', 2, NOW()),
('80000000-0000-0000-0000-000000001103', '60000000-0000-0000-0000-000000001102', '70000000-0000-0000-0000-000000001103', 'Coordinating Workflows', 'exercise', '{"summary": "Implement orchestrations with Step Functions and EventBridge.", "resources": []}', '["workflow"]', '["step-functions"]', '{"links": []}', 3, NOW()),
('80000000-0000-0000-0000-000000001104', '60000000-0000-0000-0000-000000001102', '70000000-0000-0000-0000-000000001104', 'Monitoring & Cost Optimisation', 'text', '{"summary": "Monitor serverless workloads and control costs.", "resources": []}', '["observability"]', '["cost-control"]', '{"links": []}', 4, NOW()),
('80000000-0000-0000-0000-000000001201', '60000000-0000-0000-0000-000000001201', '70000000-0000-0000-0000-000000001201', 'Advanced Generics', 'video', '{"summary": "Model complex type relationships with advanced generics.", "resources": []}', '["typescript"]', '["generics"]', '{"links": []}', 1, NOW()),
('80000000-0000-0000-0000-000000001202', '60000000-0000-0000-0000-000000001201', '70000000-0000-0000-0000-000000001202', 'Utility Types in Action', 'text', '{"summary": "Compose utility types for scalable APIs.", "resources": []}', '["utility-types"]', '["typescript"]', '{"links": []}', 2, NOW()),
('80000000-0000-0000-0000-000000001203', '60000000-0000-0000-0000-000000001202', '70000000-0000-0000-0000-000000001203', 'Domain Driven Modeling', 'exercise', '{"summary": "Model bounded contexts and events with TypeScript types.", "resources": []}', '["architecture"]', '["ddd"]', '{"links": []}', 3, NOW()),
('80000000-0000-0000-0000-000000001204', '60000000-0000-0000-0000-000000001202', '70000000-0000-0000-0000-000000001204', 'Testing Type Safety', 'video', '{"summary": "Validate complex type behaviour with advanced testing.", "resources": []}', '["type-testing"]', '["tsd"]', '{"links": []}', 4, NOW());

-- ============================================
-- SEED REGISTRATIONS
-- ============================================
INSERT INTO registrations (registration_id, course_id, learner_id, learner_name, learner_company, progress, status, created_at) VALUES
('d1111111-1111-1111-1111-111111111111', '11111111-1111-1111-1111-111111111111', '10000000-0000-0000-0000-000000000001', 'Alice Learner', 'Company A', 78.5, 'in_progress', NOW() - INTERVAL '20 days'),
('d1111111-1111-1111-1111-111111111112', '11111111-1111-1111-1111-111111111111', '10000000-0000-0000-0000-000000000002', 'Bob Student', 'Company A', 100.0, 'completed', NOW() - INTERVAL '25 days'),
('d2222222-2222-2222-2222-222222222221', '22222222-2222-2222-2222-222222222222', '10000000-0000-0000-0000-000000000003', 'Charlie Developer', 'Company B', 61.0, 'in_progress', NOW() - INTERVAL '16 days'),
('d3333333-3333-3333-3333-333333333331', '33333333-3333-3333-3333-333333333333', '10000000-0000-0000-0000-000000000004', 'Diana Engineer', 'Company C', 54.0, 'in_progress', NOW() - INTERVAL '9 days'),
('d5555555-5555-5555-5555-555555555551', '55555555-5555-5555-5555-555555555555', '10000000-0000-0000-0000-000000000005', 'Evelyn Analyst', 'Company D', 35.0, 'in_progress', NOW() - INTERVAL '8 days'),
('d6666666-6666-6666-6666-666666666661', '66666666-6666-6666-6666-666666666666', '10000000-0000-0000-0000-000000000006', 'Frank Architect', 'Company E', 48.0, 'in_progress', NOW() - INTERVAL '6 days');

-- ============================================
-- SEED FEEDBACK
-- ============================================
INSERT INTO feedback (feedback_id, course_id, learner_id, rating, tags, comment, created_at) VALUES
('e1111111-1111-1111-1111-111111111111', '11111111-1111-1111-1111-111111111111', '10000000-0000-0000-0000-000000000002', 4.9, '["Clarity", "Hands-on"]', 'Loved the practical examples and clear explanations.', NOW() - INTERVAL '5 days'),
('e1111111-1111-1111-1111-111111111112', '22222222-2222-2222-2222-222222222222', '10000000-0000-0000-0000-000000000003', 4.6, '["Usefulness", "Testing"]', 'The testing section helped us automate deployments.', NOW() - INTERVAL '3 days'),
('e2222222-2222-2222-2222-222222222221', '33333333-3333-3333-3333-333333333333', '10000000-0000-0000-0000-000000000004', 4.8, '["Clarity", "Visualization"]', 'Great walkthrough for communicating insights to stakeholders.', NOW() - INTERVAL '2 days'),
('e5555555-5555-5555-5555-555555555551', '55555555-5555-5555-5555-555555555555', '10000000-0000-0000-0000-000000000005', 4.7, '["Depth", "Projects"]', 'The labs made complex ML topics approachable.', NOW() - INTERVAL '2 days'),
('e7777777-7777-7777-7777-777777777771', '77777777-7777-7777-7777-777777777777', '10000000-0000-0000-0000-000000000006', 4.5, '["Practical", "DevOps"]', 'We adopted several Docker tips directly into production.', NOW() - INTERVAL '1 day'),
('e9999999-9999-9999-9999-999999999991', '99999999-9999-9999-9999-999999999999', '10000000-0000-0000-0000-000000000001', 4.6, '["Design", "Systems"]', 'Helped our team formalize tokens and documentation.', NOW() - INTERVAL '1 day');

-- ============================================
-- SEED ASSESSMENTS
-- ============================================
INSERT INTO assessments (assessment_id, course_id, learner_id, coverage_map, grade, test_result, completion_date) VALUES
('90000000-0000-0000-0000-000000000001', '11111111-1111-1111-1111-111111111111', '10000000-0000-0000-0000-000000000002', '{"modules": ["60000000-0000-0000-0000-000000000101", "60000000-0000-0000-0000-000000000102"]}', 92.5, 'pass', NOW() - INTERVAL '5 days'),
('90000000-0000-0000-0000-000000000002', '22222222-2222-2222-2222-222222222222', '10000000-0000-0000-0000-000000000003', '{"modules": ["60000000-0000-0000-0000-000000000201"]}', 88.0, 'pass', NOW() - INTERVAL '3 days'),
('90000000-0000-0000-0000-000000000003', '33333333-3333-3333-3333-333333333333', '10000000-0000-0000-0000-000000000004', '{"modules": ["60000000-0000-0000-0000-000000000301", "60000000-0000-0000-0000-000000000302"]}', 79.0, 'pass', NOW() - INTERVAL '2 days'),
('90000000-0000-0000-0000-000000000004', '77777777-7777-7777-7777-777777777777', '10000000-0000-0000-0000-000000000006', '{"modules": ["60000000-0000-0000-0000-000000000601"]}', 86.0, 'pass', NOW() - INTERVAL '1 day');


